"category","profit"
"homeware",12944.483898504992
"toys-and-games",6503.202149241133
"food-and-drink",1066.9836777386363
"sports-and-leisure",698.7105049263607
"pets",506.4741696247256
"diy",322.4798597347515
"health-and-beauty",111.34659514550947
